{
  "project_info": {
    "project_number": "18178906722",
    "project_id": "myfoodmyprice-4c178",
    "storage_bucket": "myfoodmyprice-4c178.appspot.com"
  },
  "client": [
    {
      "client_info": {
        "mobilesdk_app_id": "1:18178906722:android:c3b2c937354a36c4580f3b",
        "android_client_info": {
          "package_name": "com.biryanipalayam.biryani_pala_yam"
        }
      },
      "oauth_client": [],
      "api_key": [
        {
          "current_key": "AIzaSyDDQmaTmSyAlngy9A8xN2_gnWTYgcSoL8A"
        }
      ],
      "services": {
        "appinvite_service": {
          "other_platform_oauth_client": []
        }
      }
    }
  ],
  "configuration_version": "1"
}